"uid","score"
1,1
2,1
9,1
12,1
14,1
20,1
25,1
28,1
30,1
33,1
35,1
37,1
43,1
44,1
45,1
46,1
52,1
53,1
55,1
56,1
57,1
59,1
60,1
66,1
74,1
75,1
83,1
84,1
87,1
88,1
95,1
100,1
101,1
105,1
111,1
114,1
116,1
118,1
119,1
123,1
129,1
131,1
132,1
137,1
143,1
147,1
148,1
149,1
156,1
161,1
162,1
170,1
179,1
184,1
187,1
191,1
198,1
206,1
212,1
221,1
222,1
225,1
226,1
228,1
232,1
236,1
237,1
242,0
247,1
252,1
253,1
255,1
258,1
261,1
264,1
268,1
275,1
292,1
293,1
295,1
305,1
325,1
328,1
330,1
334,1
335,1
350,1
351,1
354,1
357,1
360,1
361,1
365,1
368,1
369,1
370,1
374,1
375,1
377,1
389,1
390,1
399,1
401,1
402,1
403,1
404,1
405,1
415,1
416,1
417,1
425,1
430,1
436,1
442,1
445,1
446,1
447,1
451,1
459,1
461,1
462,1
464,1
465,1
470,1
471,1
473,1
481,1
482,1
487,1
489,1
524,1
528,1
535,1
536,1
545,1
551,1
552,1
563,1
566,1
573,1
576,1
577,1
579,1
583,1
595,1
596,1
598,1
600,1
603,1
607,1
608,1
613,1
614,1
616,1
618,1
620,1
623,1
624,1
628,1
630,1
637,1
645,1
652,1
653,1
665,1
667,1
668,1
669,1
678,1
680,1
684,1
687,1
695,1
699,1
702,1
704,1
705,1
707,1
711,1
716,1
722,1
732,1
741,1
745,1
747,1
748,1
750,1
753,1
756,1
765,1
769,1
775,1
777,1
781,1
791,1
792,1
794,1
800,1
802,1
811,1
812,1
813,1
816,1
818,1
822,1
829,1
830,1
833,1
838,1
839,1
841,1
842,1
843,1
849,1
855,1
856,1
860,1
871,1
874,1
876,1
879,1
881,1
890,1
898,1
901,1
904,1
913,1
914,1
915,1
924,1
925,1
927,1
928,1
929,1
934,1
935,1
937,1
938,1
939,1
940,1
943,1
944,1
951,1
954,1
957,1
959,1
963,1
967,1
970,1
973,1
974,1
979,1
985,1
990,1
991,1
993,1
994,1
999,1
1002,1
1009,1
1014,1
1017,1
1019,1
1026,1
1031,1
1032,1
1033,1
1036,1
1037,1
1042,1
1043,1
1044,1
1048,1
1052,1
1053,1
1061,1
1072,1
1077,1
1081,1
1082,1
1085,1
1087,1
1095,1
1096,1
1097,1
1098,1
1099,1
1115,0
1117,1
1120,1
1122,1
1132,1
1139,1
1142,1
1149,1
1151,1
1157,1
1160,1
1162,1
1166,1
1169,1
1174,1
1178,1
1180,1
1182,1
1189,1
1190,1
1196,1
1198,1
1199,1
1204,1
1205,1
1208,1
1209,1
1210,1
1212,1
1214,1
1215,1
1222,1
1227,1
1228,1
1236,1
1237,1
1238,1
1243,1
1244,1
1245,1
1251,1
1253,1
1259,1
1260,1
1264,1
1266,1
1276,1
1285,1
1287,1
1292,1
1299,1
1306,1
1312,1
1314,1
1315,1
1316,1
1318,1
1326,1
1330,1
1343,1
1344,1
1346,1
1347,1
1350,1
1354,1
1357,1
1360,1
1362,1
1365,1
1366,1
1367,1
1372,1
1374,1
1375,1
1377,1
1378,1
1381,1
1382,1
1394,1
1395,1
1402,1
1408,1
1409,1
1414,1
1420,1
1425,1
1426,1
1433,1
1435,1
1437,1
1450,1
1457,1
1458,1
1462,1
1463,1
1465,1
1468,1
1473,1
1482,1
1486,1
1488,0
1489,1
1496,1
1497,1
1501,1
1507,1
1516,1
1519,1
1528,1
1534,1
1536,1
1540,1
1541,1
1547,1
1550,1
1561,1
1562,1
1568,1
1573,1
1574,1
1577,1
1583,1
1584,1
1589,1
1591,1
1598,1
1604,1
1608,1
1611,1
1612,1
1623,1
1624,1
1631,1
1658,1
1659,1
1668,1
1669,1
1671,1
1674,1
1680,1
1681,1
1682,1
1688,1
1690,1
1698,1
1699,1
1707,1
1710,1
1711,1
1721,1
1725,1
1731,1
1737,1
1742,1
1749,1
1750,1
1752,1
1760,1
1764,1
1770,1
1773,1
1776,1
1781,1
1785,1
1786,1
1788,1
1794,1
1795,1
1797,1
1798,1
1803,1
1804,1
1809,1
1824,1
1831,1
1833,1
1834,1
1835,1
1836,1
1838,1
1840,1
1841,1
1842,1
1845,1
1853,1
1854,1
1855,1
1858,1
1859,1
1862,1
1863,1
1866,1
1872,1
1876,1
1882,1
1885,1
1889,1
1910,1
1914,1
1923,1
1926,1
1929,1
1933,1
1938,1
1944,1
1946,1
1958,1
1961,1
1963,1
1966,1
1970,1
1971,1
1972,1
1975,1
1976,1
1978,1
1980,1
1982,1
1985,1
1989,1
1993,1
1994,1
1995,1
1996,1
1997,1
1998,0
2002,1
2003,1
2011,1
2020,1
2022,1
2031,1
2032,1
2033,1
2045,1
2048,1
2052,1
2053,1
2057,1
2058,1
2063,1
2095,1
2096,1
2112,1
2119,1
2120,1
2122,1
2130,1
2134,1
2139,1
2142,1
2144,1
2147,1
2148,1
2152,1
2158,1
2159,1
2162,1
2163,1
2166,1
2170,1
2171,1
2172,1
2174,1
2177,1
2201,1
2203,1
2206,1
2208,1
2209,1
2218,1
2224,1
2229,1
2231,1
2232,1
2236,1
2242,1
2245,1
2252,1
2254,1
2256,1
2260,1
2262,1
2263,1
2264,1
2267,1
2268,1
2270,1
2272,1
2273,1
2274,1
2278,1
2279,1
2282,1
2285,1
2288,1
2289,1
2294,1
2301,1
2303,1
2305,1
2306,1
2327,1
2333,1
2336,1
2338,1
2339,1
2340,1
2346,1
2348,1
2349,1
2352,1
2357,1
2371,1
2374,1
2376,1
2379,1
2388,1
2390,1
2396,1
2402,1
2403,1
2405,1
2412,1
2413,1
2415,1
2428,1
2431,1
2451,1
2455,1
2456,1
2470,1
2471,1
2473,1
2481,1
2485,1
2487,1
2488,1
2492,1
2505,1
2514,1
2517,1
2521,1
2523,1
2525,1
2527,1
2528,1
2532,1
2533,1
2535,1
2542,1
2547,1
2549,1
2555,1
2560,1
2584,1
2586,1
2594,1
2595,1
2605,1
2606,1
2607,1
2609,1
2610,1
2611,1
2614,1
2622,1
2628,1
2629,1
2636,1
2637,1
2640,1
2645,1
2647,1
2649,1
2652,1
2655,1
2656,1
2662,1
2666,1
2667,1
2680,1
2684,1
2696,1
2700,1
2701,1
2706,1
2710,1
2713,1
2717,1
2720,1
2722,1
2723,1
2726,1
2732,1
2746,1
2757,1
2758,1
2762,1
2765,1
2770,1
2771,1
2784,1
2785,1
2789,1
2799,1
2800,1
2810,1
2814,1
2816,1
2820,1
2824,1
2830,1
2832,1
2833,1
2834,1
2839,1
2840,1
2842,1
2846,1
2865,1
2868,1
2876,1
2880,1
2885,1
2886,1
2893,1
2895,1
2898,1
2903,1
2904,1
2917,1
2919,1
2921,1
2922,1
2931,1
2932,1
2934,1
2937,1
2940,1
2941,1
2944,1
2946,1
2949,1
2951,1
2958,1
2959,1
2961,1
2964,0
2966,1
2968,1
2975,1
2978,1
2986,1
2987,1
2989,1
2993,1
2997,1
2999,1
3016,1
3017,1
3019,1
3024,1
3026,1
3042,1
3043,1
3052,1
3055,1
3058,1
3060,1
3070,1
3073,1
3079,1
3080,1
3081,1
3083,1
3087,1
3089,1
3090,1
3093,1
3095,1
3097,1
3101,1
3104,1
3105,1
3106,1
3115,1
3124,1
3125,1
3127,1
3140,1
3145,1
3146,1
3149,1
3150,1
3152,1
3165,1
3173,1
3180,1
3183,1
3188,1
3189,1
3194,1
3209,1
3210,1
3214,1
3217,1
3219,1
3226,1
3228,1
3229,1
3238,1
3243,1
3245,1
3249,1
3250,1
3256,1
3260,1
3261,1
3267,1
3273,1
3274,1
3275,1
3285,1
3291,1
3295,1
3299,1
3300,1
3305,1
3306,1
3313,1
3314,1
3315,1
3319,1
3321,1
3324,1
3327,1
3328,1
3332,1
3335,0
3336,1
3338,1
3339,1
3343,1
3345,1
3347,1
3351,1
3353,1
3358,1
3362,1
3365,1
3367,1
3371,1
3372,1
3377,1
3379,1
3380,1
3382,1
3387,1
3388,1
3389,1
3394,1
3397,1
3399,1
3400,1
3406,1
3411,1
3412,1
3413,1
3416,1
3417,1
3418,1
3419,1
3423,1
3424,1
3428,1
3429,1
3430,1
3433,1
3437,1
3439,1
3441,1
3447,1
3448,1
3451,1
3458,1
3459,1
3462,1
3466,1
3470,1
3477,1
3479,1
3481,1
3490,1
3491,1
3495,1
3504,1
3512,1
3513,1
3523,1
3526,1
3530,1
3535,1
3536,1
3543,1
3547,1
3549,1
3560,1
3564,1
3567,1
3574,1
3585,1
3589,1
3597,1
3600,1
3605,1
3607,1
3611,1
3612,1
3613,1
3622,1
3623,1
3639,1
3642,1
3644,1
3646,1
3648,1
3651,1
3655,1
3661,1
3662,1
3663,1
3666,1
3667,1
3669,1
3677,1
3685,1
3689,1
3690,1
3697,1
3700,1
3704,1
3711,1
3715,1
3716,1
3723,1
3727,1
3728,1
3730,1
3734,1
3738,1
3741,1
3742,1
3744,1
3749,1
3750,1
3751,1
3752,1
3753,1
3754,1
3755,1
3757,1
3769,1
3772,1
3777,1
3780,1
3785,1
3787,1
3789,1
3791,1
3793,1
3795,1
3803,1
3804,1
3806,1
3807,1
3826,1
3829,1
3832,1
3837,1
3850,1
3852,1
3857,1
3858,1
3876,1
3882,1
3886,1
3888,1
3891,1
3893,1
3906,1
3910,1
3913,1
3919,1
3922,1
3938,1
3939,1
3943,1
3944,1
3945,1
3952,1
3956,0
3961,1
3965,1
3983,1
3988,1
3990,1
3998,1
4003,1
4004,1
4012,1
4024,1
4025,1
4026,1
4032,1
4034,1
4040,1
4042,1
4044,1
4048,1
4053,1
4055,1
4059,1
4063,1
4066,1
4067,1
4068,1
4071,1
4074,1
4075,1
4081,1
4083,1
4086,1
4089,1
4095,1
4100,1
4105,1
4108,1
4110,1
4112,1
4113,1
4118,1
4119,1
4120,1
4123,1
4126,1
4132,1
4134,1
4136,1
4137,1
4141,1
4144,1
4145,1
4147,1
4154,1
4160,1
4166,1
4169,1
4171,1
4172,1
4174,1
4175,1
4178,1
4179,1
4182,1
4183,0
4187,1
4188,1
4189,0
4192,1
4195,1
4197,1
4198,1
4201,1
4206,1
4208,1
4212,1
4219,1
4228,1
4232,1
4236,1
4238,1
4244,1
4248,1
4251,1
4252,1
4254,1
4263,1
4266,1
4267,1
4270,1
4275,1
4278,1
4281,1
4284,1
4285,1
4288,1
4289,1
4298,1
4310,1
4313,1
4314,1
4315,1
4325,1
4327,1
4331,1
4338,1
4342,1
4348,1
4350,1
4351,1
4352,1
4354,1
4360,1
4363,1
4366,1
4368,1
4375,1
4377,1
4380,1
4389,1
4393,1
4398,1
4399,1
4406,1
4410,1
4413,1
4420,1
4432,1
4439,1
4441,1
4445,1
4446,1
4448,1
4449,1
4457,1
4459,1
4462,1
4466,1
4470,1
4471,1
4472,1
4474,1
4479,1
4486,1
4487,1
4491,1
4494,1
4497,1
4502,1
4506,1
4507,1
4512,1
4514,1
4515,1
4516,1
4519,1
4525,1
4526,1
4527,1
4529,1
4531,1
4532,1
4538,1
4544,1
4551,1
4556,1
4558,1
4559,1
4561,1
4563,1
4569,1
4571,1
4572,1
4584,1
4585,1
4591,1
4592,1
4595,1
4603,1
4608,1
4609,1
4610,1
4614,1
4621,1
4623,1
4625,1
4630,1
4631,1
4632,1
4634,1
4638,1
4642,1
4643,1
4645,1
4650,1
4655,1
4658,1
4663,1
4665,1
4669,1
4670,1
4674,1
4689,1
4690,1
4693,1
4696,1
4706,1
4722,1
4724,1
4725,1
4727,1
4730,1
4736,1
4744,1
4747,1
4756,1
4758,1
4764,1
4766,1
4771,1
4783,1
4784,1
4786,1
4788,1
4814,1
4815,1
4819,1
4820,1
4821,1
4822,1
4823,1
4824,1
4828,1
4840,1
4842,1
4854,1
4860,1
4861,1
4872,1
4874,1
4884,1
4885,1
4888,1
4893,1
4896,1
4900,1
4914,1
4919,1
4921,1
4925,1
4926,1
4927,1
4928,1
4930,1
4933,1
4937,1
4941,1
4944,1
4946,1
4948,1
4961,1
4962,1
4965,1
4971,1
4975,1
4976,1
4980,1
4981,1
4983,1
4990,1
4993,1
5006,1
5012,1
5019,1
5023,1
5027,1
5042,1
5043,1
5049,1
5051,1
5055,1
5060,1
5065,1
5066,1
5072,1
5079,1
5084,1
5086,1
5089,1
5092,1
5102,1
5107,1
5109,1
5115,1
5120,1
5128,1
5135,1
5137,1
5138,1
5140,1
5147,1
5154,1
5159,1
5160,0
5161,1
5168,1
5170,1
5175,1
5177,1
5179,1
5180,1
5194,1
5209,1
5211,1
5217,1
5223,1
5226,1
5232,1
5234,1
5237,1
5238,1
5239,1
5240,1
5243,1
5250,1
5255,1
5256,1
5260,1
5261,1
5267,1
5268,1
5272,1
5276,1
5282,1
5285,1
5290,1
5300,1
5302,1
5308,1
5309,1
5311,1
5312,1
5319,1
5322,1
5324,1
5327,1
5329,1
5331,1
5334,1
5336,1
5337,1
5338,1
5346,1
5350,1
5365,1
5368,1
5373,1
5375,1
5379,1
5383,1
5389,1
5390,1
5392,1
5393,1
5394,1
5395,1
5396,1
5397,1
5401,1
5403,1
5408,1
5410,1
5421,1
5422,1
5423,1
5429,1
5430,1
5441,1
5445,1
5449,1
5453,1
5456,1
5458,1
5460,1
5462,1
5468,1
5477,1
5481,1
5489,1
5490,1
5493,1
5494,1
5496,1
5499,1
5504,1
5512,1
5517,1
5521,1
5524,1
5525,1
5528,1
5530,1
5542,1
5543,1
5547,1
5549,1
5556,1
5557,1
5558,1
5559,1
5560,1
5562,1
5564,1
5569,1
5571,1
5575,1
5581,1
5599,1
5604,1
5615,1
5620,1
5625,1
5626,1
5635,1
5644,1
5646,1
5649,1
5656,1
5661,1
5662,1
5664,1
5681,1
5686,1
5688,1
5691,1
5695,1
5698,1
5705,1
5710,1
5718,1
5722,1
5725,1
5726,1
5733,1
5735,1
5736,1
5737,1
5741,1
5747,1
5750,1
5751,1
5754,1
5762,1
5764,1
5772,1
5783,1
5785,1
5788,1
5792,1
5794,1
5796,1
5797,1
5798,1
5805,1
5806,1
5807,1
5809,1
5810,1
5811,1
5818,1
5822,1
5827,1
5828,1
5833,1
5834,1
5835,1
5837,1
5840,1
5842,1
5845,1
5847,1
5848,1
5853,1
5854,1
5859,1
5863,1
5867,1
5868,1
5869,1
5881,1
5882,1
5884,1
5885,1
5887,1
5890,1
5893,1
5894,1
5896,1
5900,1
5903,1
5905,1
5908,1
5912,1
5917,1
5922,1
5927,1
5931,1
5943,1
5945,1
5949,1
5953,1
5954,1
5959,1
5983,1
5984,1
5987,1
5988,1
5989,1
5992,1
5994,1
5997,1
5999,1
6000,1
6002,1
6003,1
6021,1
6022,1
6033,1
6039,1
6046,1
6048,1
6054,1
6058,1
6062,1
6069,1
6070,1
6076,1
6081,1
6082,1
6086,1
6091,1
6092,1
6093,1
6095,1
6096,1
6104,1
6114,1
6117,1
6119,1
6121,1
6126,1
6132,1
6133,1
6140,1
6143,1
6144,1
6145,1
6146,1
6149,1
6152,1
6158,1
6162,1
6171,1
6176,1
6178,1
6182,1
6190,1
6191,1
6195,1
6196,1
6207,1
6211,1
6212,1
6216,1
6218,1
6219,1
6221,1
6224,1
6226,1
6227,1
6232,1
6237,1
6240,1
6241,1
6245,1
6246,1
6252,1
6257,1
6268,1
6271,1
6274,1
6278,1
6279,1
6284,1
6285,1
6286,1
6289,1
6300,1
6302,1
6311,1
6312,1
6319,1
6320,1
6323,1
6325,1
6326,1
6327,1
6331,1
6341,1
6342,1
6347,1
6351,1
6355,1
6356,1
6361,1
6363,1
6367,1
6368,1
6371,1
6373,1
6374,1
6375,1
6376,1
6378,1
6379,1
6385,1
6392,1
6395,1
6405,1
6408,1
6414,1
6424,1
6425,1
6439,1
6443,1
6445,1
6450,1
6451,1
6453,1
6457,1
6459,1
6460,1
6463,1
6465,1
6466,1
6467,1
6476,1
6482,1
6488,1
6489,1
6496,1
6512,1
6513,1
6514,1
6517,1
6520,1
6527,1
6528,1
6535,1
6536,1
6552,1
6553,1
6554,1
6557,1
6560,1
6561,1
6567,1
6568,1
6573,1
6574,1
6578,1
6585,1
6586,1
6588,1
6593,1
6596,1
6615,1
6623,1
6627,1
6629,1
6630,1
6635,1
6637,1
6641,1
6642,1
6643,1
6644,1
6646,1
6647,1
6656,1
6657,1
6658,1
6663,1
6664,1
6665,1
6668,1
6677,1
6682,1
6686,1
6688,1
6695,1
6704,1
6705,1
6716,1
6722,1
6723,1
6726,1
6730,1
6731,1
6733,1
6739,1
6742,1
6748,1
6750,1
6751,1
6752,1
6754,1
6758,1
6759,1
6765,1
6769,1
6773,1
6774,1
6775,1
6778,1
6786,1
6788,1
6790,1
6792,1
6794,1
6798,1
6803,1
6805,1
6807,1
6810,1
6811,0
6813,1
6814,1
6816,1
6818,1
6821,1
6832,1
6839,1
6841,1
6843,1
6845,1
6847,1
6848,1
6850,1
6851,1
6852,1
6853,1
6855,1
6858,1
6866,1
6867,1
6870,1
6871,1
6881,1
6895,1
6906,1
6917,1
6923,1
6925,1
6930,0
6933,1
6936,1
6938,1
6939,1
6940,1
6942,1
6948,1
6959,1
6961,1
6962,1
6969,1
6971,1
6973,1
6976,1
6981,1
6991,1
6994,1
6998,1
7001,1
7005,1
7007,1
7016,1
7017,1
7020,1
7031,1
7033,1
7036,1
7040,1
7042,1
7049,1
7051,1
7071,1
7080,1
7086,1
7088,1
7095,1
7101,1
7102,1
7106,1
7110,1
7114,1
7116,1
7117,1
7119,1
7126,1
7128,1
7132,1
7143,1
7147,1
7149,1
7152,1
7156,1
7158,1
7161,1
7164,1
7171,1
7173,1
7176,1
7179,1
7181,1
7183,1
7190,1
7193,1
7195,1
7198,1
7203,1
7204,1
7210,1
7211,1
7215,1
7224,1
7225,1
7226,1
7227,1
7230,1
7233,1
7242,1
7245,1
7247,1
7248,1
7249,1
7250,1
7261,1
7262,1
7265,1
7266,1
7273,1
7274,1
7279,1
7283,1
7285,1
7286,1
7291,1
7294,1
7298,1
7301,1
7302,1
7303,0
7305,1
7307,1
7309,1
7313,1
7318,1
7319,1
7322,1
7325,1
7333,1
7344,1
7354,1
7358,1
7368,1
7370,1
7372,1
7379,1
7380,1
7382,1
7390,1
7395,1
7398,1
7400,1
7403,1
7408,1
7411,1
7412,1
7419,1
7421,1
7427,1
7430,1
7431,1
7433,1
7435,1
7446,1
7448,1
7460,1
7462,1
7469,1
7473,1
7476,1
7485,1
7488,1
7500,1
7502,1
7503,1
7504,1
7506,1
7507,1
7508,1
7514,1
7521,1
7526,1
7529,1
7535,1
7546,1
7549,1
7557,1
7566,1
7571,1
7573,1
7586,1
7589,1
7594,1
7598,1
7610,1
7611,1
7619,1
7621,1
7622,1
7629,1
7635,1
7636,1
7639,1
7641,1
7647,1
7654,1
7659,1
7663,1
7667,1
7670,1
7672,1
7674,1
7692,1
7693,1
7695,1
7696,1
7698,1
7700,1
7701,1
7712,1
7714,1
7719,1
7720,1
7723,1
7725,1
7729,1
7730,1
7732,1
7742,1
7747,1
7748,1
7749,1
7751,1
7753,1
7755,1
7764,1
7771,1
7774,1
7777,1
7779,1
7782,1
7790,1
7791,1
7798,1
7799,1
7805,1
7806,1
7807,1
7811,1
7820,1
7829,0
7834,1
7844,1
7848,1
7851,1
7853,1
7855,1
7857,1
7863,1
7864,1
7870,1
7871,1
7879,1
7881,1
7883,1
7890,1
7892,1
7893,1
7895,1
7896,1
7903,1
7905,1
7908,1
7910,1
7915,1
7918,1
7924,0
7939,1
7947,1
7948,1
7953,1
7956,1
7959,1
7966,1
7969,1
7970,1
7971,1
7974,1
7975,1
7989,1
7997,1
7999,1
8002,1
8005,1
8009,1
8011,1
8014,1
8016,1
8028,1
8030,1
8033,1
8036,1
8040,1
8043,1
8045,1
8050,1
8052,1
8053,1
8057,1
8059,1
8068,1
8070,1
8074,1
8075,1
8085,1
8086,1
8088,1
8092,1
8094,1
8095,1
8096,1
8098,1
8103,1
8104,1
8112,1
8113,1
8118,1
8119,1
8123,1
8124,1
8134,1
8136,1
8137,1
8138,1
8139,1
8144,1
8151,1
8156,1
8158,1
8162,1
8168,1
8170,1
8173,1
8178,1
8188,1
8194,1
8196,1
8207,1
8209,1
8210,1
8213,1
8217,1
8222,1
8224,1
8225,1
8228,1
8230,1
8236,1
8238,1
8241,1
8244,1
8245,1
8248,1
8249,1
8264,1
8265,1
8266,1
8268,1
8269,1
8276,1
8283,1
8285,1
8288,1
8294,1
8300,1
8304,1
8305,1
8308,1
8310,1
8313,1
8315,1
8320,1
8328,1
8331,1
8332,1
8339,1
8341,1
8352,1
8354,1
8362,1
8363,1
8364,1
8365,1
8369,1
8371,1
8373,1
8374,1
8375,1
8376,1
8377,1
8378,1
8379,1
8380,1
8385,1
8387,1
8389,1
8390,1
8395,1
8396,1
8397,1
8402,1
8405,1
8408,1
8412,1
8414,1
8417,1
8421,1
8424,1
8427,1
8429,1
8434,1
8437,1
8448,1
8459,1
8464,1
8472,1
8484,1
8486,1
8487,1
8488,1
8489,1
8492,1
8494,1
8495,1
8507,1
8510,1
8511,1
8515,1
8519,1
8523,1
8529,1
8531,1
8532,1
8536,1
8540,1
8552,1
8557,1
8561,1
8566,1
8568,1
8569,1
8573,1
8575,1
8579,1
8581,1
8582,1
8586,1
8592,1
8597,1
8599,1
8603,1
8609,1
8612,1
8613,1
8616,1
8618,1
8625,1
8626,1
8630,1
8633,1
8634,1
8635,1
8647,1
8649,1
8650,1
8652,1
8659,1
8660,1
8685,1
8688,1
8689,1
8691,1
8697,1
8700,1
8706,1
8709,1
8724,1
8725,1
8734,1
8739,1
8742,1
8745,1
8751,1
8753,1
8760,1
8762,1
8768,1
8777,1
8785,1
8787,1
8797,1
8801,1
8805,1
8809,1
8813,1
8828,1
8835,1
8836,1
8838,1
8840,1
8847,1
8850,1
8853,1
8854,1
8856,1
8862,1
8876,1
8877,1
8879,1
8880,1
8887,1
8888,1
8890,1
8899,1
8902,1
8903,1
8908,1
8909,1
8910,1
8914,1
8919,1
8922,1
8923,1
8925,1
8926,1
8927,1
8928,1
8930,1
8933,1
8938,1
8943,1
8948,1
8952,1
8954,1
8955,1
8968,1
8974,1
8976,1
8977,1
8987,1
8992,1
8996,1
8997,1
8998,1
9007,1
9008,1
9011,1
9012,1
9013,1
9016,1
9021,1
9023,1
9033,1
9034,1
9035,1
9047,1
9048,1
9063,1
9066,1
9068,1
9077,1
9085,1
9088,1
9097,1
9109,1
9114,1
9115,1
9116,1
9117,1
9120,1
9133,1
9138,1
9147,1
9148,1
9151,1
9153,1
9158,1
9160,1
9172,1
9176,1
9177,1
9184,1
9185,1
9189,1
9193,1
9194,1
9195,1
9200,1
9202,1
9207,1
9210,1
9212,1
9214,1
9217,1
9222,1
9223,1
9224,1
9225,1
9230,1
9231,1
9233,1
9237,1
9239,1
9242,1
9248,1
9254,1
9257,1
9265,1
9273,1
9283,1
9285,1
9295,1
9298,1
9304,1
9308,1
9310,1
9320,1
9321,1
9328,1
9334,1
9339,1
9341,1
9342,1
9343,1
9346,1
9348,1
9352,1
9365,1
9371,1
9372,1
9377,1
9387,1
9388,1
9392,1
9395,1
9399,1
9400,1
9403,1
9410,1
9413,1
9420,1
9421,1
9430,1
9432,1
9435,1
9436,1
9438,1
9439,1
9443,1
9450,1
9465,1
9482,1
9485,1
9489,1
9493,1
9495,1
9499,1
9500,1
9506,1
9513,1
9516,1
9526,1
9530,1
9532,1
9536,1
9539,1
9540,1
9545,1
9548,1
9549,1
9552,1
9554,1
9556,1
9557,1
9562,1
9563,1
9564,1
9567,1
9572,1
9579,1
9584,1
9586,1
9588,1
9604,1
9611,1
9617,1
9618,1
9620,1
9625,1
9627,1
9634,1
9635,1
9642,1
9648,1
9656,1
9660,1
9666,1
9668,1
9674,1
9680,1
9685,1
9689,1
9692,1
9698,1
9702,1
9703,1
9708,1
9713,1
9714,1
9717,1
9725,1
9726,1
9728,1
9729,1
9730,1
9732,1
9734,1
9736,1
9737,1
9740,1
9742,1
9747,1
9749,1
9751,1
9752,1
9754,1
9755,1
9767,1
9770,1
9772,1
9775,1
9778,1
9799,1
9805,1
9807,1
9810,1
9811,1
9816,1
9818,1
9819,1
9827,1
9828,1
9836,1
9837,1
9838,1
9846,1
9848,1
9849,1
9860,1
9861,1
9866,1
9870,1
9875,1
9877,1
9880,1
9890,1
9899,0
9905,1
9914,1
9915,1
9916,1
9917,1
9920,1
9926,1
9931,1
9933,1
9942,1
9947,1
9952,1
9954,1
9962,1
9969,1
9970,1
9971,1
9973,1
9974,1
9976,1
9977,1
9983,1
10006,1
10009,1
10011,1
10018,1
10024,1
10035,1
10040,1
10044,1
10049,1
10051,1
10052,1
10055,1
10058,1
10062,1
10069,1
10072,1
10076,1
10082,1
10083,1
10084,1
10085,1
10086,1
10087,1
10089,1
10092,1
10096,1
10098,1
10103,1
10105,1
10106,1
10107,1
10108,1
10113,1
10116,1
10121,1
10122,1
10127,1
10133,1
10134,1
10137,1
10140,1
10142,1
10148,1
10151,1
10153,0
10155,1
10156,1
10159,1
10173,1
10178,1
10180,1
10183,1
10189,1
10197,1
10200,1
10203,1
10214,1
10216,1
10220,1
10224,1
10225,1
10226,1
10228,1
10229,1
10234,1
10237,1
10243,1
10245,1
10246,1
10249,1
10253,1
10260,1
10261,1
10265,1
10267,1
10270,1
10272,1
10273,1
10275,1
10280,1
10285,1
10293,1
10294,1
10295,1
10299,1
10302,1
10303,1
10308,1
10311,1
10312,1
10320,1
10325,1
10328,1
10332,1
10337,1
10346,1
10349,1
10352,1
10358,1
10375,1
10379,1
10382,1
10384,1
10389,1
10392,1
10398,1
10413,1
10417,1
10419,1
10428,1
10437,1
10445,1
10446,1
10450,1
10465,1
10469,1
10472,1
10476,1
10479,1
10481,1
10486,1
10487,1
10488,1
10491,1
10492,1
10494,1
10496,1
10499,1
10509,1
10511,1
10516,1
10519,1
10520,1
10521,1
10524,1
10532,1
10534,1
10539,1
10540,1
10541,1
10542,1
10543,1
10545,1
10548,1
10549,1
10551,1
10566,1
10567,1
10573,1
10574,1
10576,1
10583,1
10585,1
10592,1
10595,1
10605,1
10608,1
10615,1
10616,1
10617,1
10621,1
10624,1
10630,1
10641,1
10642,1
10643,1
10647,1
10648,1
10649,1
10650,1
10651,1
10653,1
10656,1
10657,1
10658,1
10660,1
10662,1
10669,1
10674,1
10675,1
10676,1
10680,1
10684,1
10687,1
10690,1
10692,1
10699,1
10701,1
10707,1
10712,1
10716,1
10719,1
10720,1
10723,1
10725,1
10738,1
10743,1
10745,1
10749,1
10751,1
10752,1
10755,1
10758,1
10760,1
10763,1
10764,1
10765,1
10766,1
10767,1
10770,1
10775,1
10779,1
10785,1
10786,1
10789,1
10792,1
10796,1
10799,1
10801,1
10815,1
10817,1
10820,1
10823,1
10826,1
10831,1
10834,1
10836,1
10839,1
10845,1
10848,1
10855,1
10861,1
10866,1
10869,1
10876,1
10882,1
10883,1
10887,1
10889,1
10894,1
10895,1
10898,1
10908,1
10914,1
10915,1
10917,1
10918,1
10930,1
10936,1
10947,1
10948,1
10949,1
10952,1
10960,1
10962,1
10964,1
10967,1
10971,1
10972,1
10979,1
10980,1
10982,1
10985,1
10987,1
10992,1
11000,1
11003,1
11014,1
11027,1
11029,1
11043,1
11044,1
11045,1
11049,1
11052,1
11060,1
11069,1
11071,1
11072,1
11073,1
11086,1
11095,1
11097,1
11101,1
11106,1
11107,1
11108,1
11112,1
11125,1
11126,1
11130,1
11131,1
11133,1
11134,1
11136,1
11137,1
11140,1
11145,0
11153,1
11156,1
11158,1
11160,1
11161,1
11172,1
11173,1
11180,1
11187,1
11192,1
11195,1
11197,1
11203,1
11204,1
11205,1
11208,1
11209,1
11212,1
11214,1
11217,1
11218,1
11222,1
11223,1
11233,1
11238,1
11241,1
11246,1
11247,1
11253,1
11258,1
11262,0
11268,1
11282,1
11283,1
11285,1
11286,1
11291,1
11299,1
11301,1
11303,1
11305,1
11308,1
11312,1
11322,1
11324,1
11325,1
11328,1
11337,1
11338,1
11342,1
11343,1
11345,1
11350,1
11353,1
11354,1
11357,1
11359,1
11367,1
11368,1
11369,1
11373,1
11375,1
11384,1
11395,1
11398,1
11403,1
11404,1
11406,1
11407,1
11413,1
11417,1
11424,1
11426,1
11434,1
11441,1
11442,1
11445,1
11447,1
11448,1
11449,1
11452,1
11453,1
11460,1
11462,1
11467,1
11477,1
11486,1
11489,1
11490,1
11491,1
11499,1
11508,1
11517,1
11518,1
11519,1
11525,1
11526,1
11527,1
11532,1
11539,1
11541,1
11543,1
11544,1
11548,1
11556,1
11557,1
11564,1
11565,1
11568,1
11569,1
11573,1
11576,1
11578,1
11588,1
11606,1
11611,1
11615,1
11616,1
11628,1
11630,1
11638,1
11641,1
11643,1
11644,1
11645,1
11648,1
11657,1
11658,1
11659,1
11664,1
11668,1
11674,1
11680,1
11682,1
11693,1
11698,1
11702,1
11704,1
11705,1
11708,1
11714,1
11720,1
11725,1
11726,1
11727,1
11729,1
11731,1
11734,1
11737,1
11739,1
11743,1
11753,1
11755,1
11762,1
11768,1
11769,1
11771,1
11780,1
11784,1
11785,1
11790,1
11797,1
11801,1
11807,1
11809,1
11812,1
11813,1
11815,1
11816,1
11829,1
11830,1
11831,1
11835,1
11837,1
11838,1
11844,1
11849,1
11856,1
11860,1
11864,1
11867,1
11868,1
11869,1
11872,1
11874,1
11876,1
11880,1
11884,1
11888,1
11899,1
11901,1
11903,1
11904,1
11905,1
11909,1
11914,1
11915,1
11916,1
11917,1
11921,1
11922,1
11924,1
11925,1
11929,1
11935,1
11936,1
11948,1
11963,1
11966,1
11976,1
11978,1
11983,1
11988,1
11992,1
11994,1
11995,1
12006,1
12018,1
12022,1
12024,1
12025,1
12026,1
12032,1
12033,1
12034,1
12036,1
12044,1
12046,1
12062,1
12074,1
12077,1
12078,1
12081,1
12086,1
12090,1
12104,1
12108,1
12110,1
12113,1
12116,1
12122,1
12123,1
12124,1
12129,1
12130,1
12133,1
12134,1
12137,1
12144,1
12148,1
12150,1
12160,1
12161,1
12167,1
12169,1
12170,1
12171,1
12175,1
12178,1
12181,1
12196,1
12199,1
12201,1
12207,1
12212,1
12213,1
12215,1
12217,1
12221,1
12223,1
12232,1
12233,1
12237,1
12238,1
12247,1
12252,1
12256,1
12260,1
12265,1
12285,1
12286,1
12300,1
12301,1
12307,1
12312,1
12313,1
12320,1
12330,1
12332,1
12343,1
12354,1
12355,1
12357,1
12358,1
12375,1
12380,1
12383,1
12387,1
12389,1
12390,1
12391,1
12395,1
12396,1
12397,1
12398,1
12399,1
12400,1
12406,1
12413,1
12414,1
12416,1
12420,1
12421,1
12430,1
12440,1
12445,1
12447,1
12449,1
12450,0
12452,1
12455,1
12457,1
12464,1
12466,1
12471,1
12472,1
12485,1
12486,1
12489,1
12492,1
12500,1
12502,1
12503,1
12504,1
12507,1
12508,1
12509,1
12510,1
12515,1
12517,1
12520,1
12522,1
12532,1
12535,1
12537,1
12539,1
12542,1
12543,1
12546,1
12547,1
12549,1
12550,1
12553,1
12562,1
12563,1
12564,1
12575,1
12590,1
12591,1
12603,1
12608,1
12613,1
12616,1
12617,1
12619,1
12627,1
12629,1
12631,1
12634,1
12636,1
12637,1
12641,1
12644,1
12649,1
12653,1
12654,1
12657,1
12658,1
12664,1
12666,1
12671,1
12674,1
12677,1
12678,1
12680,1
12691,1
12701,1
12704,1
12707,1
12710,1
12712,1
12713,1
12732,1
12738,1
12743,1
12744,1
12753,1
12759,1
12765,1
12766,1
12782,1
12786,1
12788,1
12797,1
12801,1
12809,1
12820,1
12821,1
12822,1
12823,1
12827,1
12828,1
12833,1
12839,1
12840,1
12842,1
12847,1
12850,1
12851,1
12855,1
12856,1
12860,1
12862,1
12866,1
12869,1
12872,1
12873,1
12882,1
12885,1
12887,1
12890,1
12895,1
12898,1
12899,1
12908,1
12911,1
12912,1
12917,1
12918,1
12920,1
12921,1
12927,1
12940,1
12951,1
12953,1
12956,1
12961,1
12971,1
12981,1
12983,1
12995,1
12997,1
13002,1
13006,1
13013,1
13018,1
13022,1
13023,1
13026,1
13027,1
13029,1
13038,1
13040,1
13051,1
13052,1
13054,1
13056,1
13057,1
13058,1
13063,1
13072,1
13073,1
13076,1
13077,1
13094,1
13096,1
13098,1
13115,1
13118,1
13122,1
13124,1
13128,1
13132,1
13137,1
13141,1
13142,1
13145,1
13153,1
13154,1
13157,1
13158,1
13163,1
13167,1
13181,1
13186,1
13187,1
13188,1
13190,1
13191,1
13194,1
13195,1
13199,1
13209,1
13213,1
13214,1
13220,1
13222,1
13225,1
13226,1
13229,1
13230,1
13231,1
13232,1
13236,1
13241,1
13242,1
13247,1
13248,1
13250,1
13251,1
13252,1
13253,1
13255,1
13257,1
13260,1
13261,1
13263,1
13266,1
13269,1
13273,1
13274,1
13277,1
13281,1
13288,1
13290,1
13297,1
13308,1
13321,1
13322,1
13324,1
13331,1
13336,1
13346,1
13347,1
13354,1
13355,1
13357,1
13369,1
13371,1
13378,1
13381,1
13383,1
13384,1
13386,1
13397,1
13399,1
13412,1
13416,1
13420,1
13433,1
13440,1
13446,1
13447,1
13455,1
13456,1
13462,1
13463,1
13464,1
13469,1
13472,1
13480,1
13481,1
13485,1
13490,1
13494,1
13496,1
13497,1
13510,1
13511,1
13513,1
13514,1
13516,1
13519,1
13522,1
13523,1
13524,1
13541,1
13548,1
13549,1
13552,1
13554,1
13555,1
13556,1
13558,1
13559,1
13562,1
13563,1
13569,1
13570,1
13573,1
13574,1
13586,1
13591,1
13595,1
13602,1
13609,1
13610,1
13623,1
13626,1
13632,1
13633,1
13638,1
13645,1
13647,1
13653,1
13656,1
13660,1
13663,1
13666,1
13671,1
13672,1
13673,1
13676,1
13677,1
13678,1
13682,1
13687,1
13698,1
13701,1
13709,1
13710,1
13715,1
13718,1
13723,1
13727,1
13728,1
13736,1
13737,1
13741,1
13747,1
13756,1
13758,1
13761,1
13767,1
13769,1
13770,1
13776,1
13784,1
13785,1
13787,1
13792,1
13795,1
13801,1
13808,1
13809,1
13815,1
13818,1
13820,1
13822,1
13824,0
13825,1
13830,1
13831,1
13832,1
13834,1
13837,1
13839,1
13840,1
13843,1
13847,1
13852,1
13853,1
13855,1
13856,1
13860,1
13861,1
13863,1
13865,1
13871,1
13873,1
13878,1
13879,1
13880,1
13888,1
13889,1
13893,1
13894,1
13895,1
13896,1
13901,1
13908,1
13910,1
13914,1
13923,1
13926,1
13927,1
13929,1
13936,1
13937,1
13939,1
13951,1
13954,1
13958,1
13969,1
13981,1
13982,1
13984,1
13988,1
13990,1
13992,1
14000,1
14001,1
14002,1
14003,1
14007,1
14009,1
14010,1
14018,1
14020,1
14025,1
14028,1
14044,1
14045,1
14048,1
14052,1
14055,1
14058,1
14063,1
14066,1
14070,1
14071,1
14087,1
14088,1
14089,1
14090,1
14112,1
14113,1
14120,1
14124,1
14126,1
14133,1
14134,1
14142,1
14147,1
14151,1
14158,1
14161,1
14162,1
14168,1
14173,1
14174,1
14178,1
14181,1
14190,1
14196,1
14199,1
14217,1
14218,1
14222,1
14225,1
14226,1
14240,1
14245,1
14249,1
14252,1
14256,1
14260,1
14261,1
14262,1
14264,1
14265,1
14272,1
14275,1
14276,1
14278,1
14284,1
14285,1
14287,1
14289,1
14293,1
14302,1
14303,1
14305,1
14306,1
14307,1
14310,1
14314,1
14317,1
14319,1
14320,1
14321,1
14327,1
14328,1
14329,1
14336,1
14337,1
14338,1
14340,1
14358,1
14360,1
14361,1
14369,1
14371,1
14381,1
14385,1
14389,1
14390,1
14394,1
14404,1
14408,1
14411,1
14428,1
14436,1
14446,1
14449,1
14463,1
14466,1
14468,1
14470,1
14471,1
14482,1
14485,1
14487,1
14488,1
14491,1
14492,1
14502,1
14503,1
14505,1
14508,1
14518,1
14521,1
14528,1
14535,1
14539,1
14547,1
14551,1
14562,1
14567,1
14568,1
14574,1
14579,1
14582,1
14583,1
14588,1
14590,1
14592,1
14593,1
14594,1
14603,1
14611,1
14612,1
14619,1
14621,1
14623,1
14628,1
14639,1
14640,1
14641,1
14646,1
14661,1
14668,1
14669,1
14670,1
14678,1
14684,1
14686,1
14688,1
14689,1
14692,1
14694,1
14698,1
14706,1
14708,1
14709,1
14714,1
14716,1
14717,1
14718,1
14727,1
14731,1
14738,1
14743,1
14744,1
14746,1
14749,1
14750,1
14751,1
14757,1
14758,1
14759,1
14760,1
14761,1
14762,1
14764,1
14765,1
14779,1
14782,1
14786,1
14787,1
14794,1
14796,1
14799,1
14801,1
14803,1
14804,1
14809,1
14817,1
14823,1
14824,1
14826,1
14830,1
14831,1
14836,1
14854,1
14859,1
14866,1
14868,1
14871,1
14873,1
14874,1
14881,1
14882,1
14888,1
14889,1
14890,1
14897,1
14901,1
14903,1
14910,1
14911,1
14912,1
14915,1
14918,1
14920,1
14925,1
14927,1
14940,1
14947,1
14948,1
14951,1
14954,1
14960,1
14964,1
14978,1
14983,1
14985,1
14987,1
14992,1
14997,1
14998,1
15002,1
15007,1
15010,1
15011,1
15012,1
15015,1
15021,1
15024,1
15027,1
15028,1
15029,1
15031,1
15032,1
15038,1
15042,1
15049,1
15050,1
15051,1
15059,1
15069,1
15081,1
15098,1
15099,1
15100,1
15102,1
15103,1
15114,1
15126,1
15128,1
15134,1
15137,1
15140,1
15141,1
15142,1
15143,1
15148,1
15163,1
15168,1
15172,1
15173,1
15175,1
15179,1
15182,1
15185,1
15192,1
15194,1
15196,1
15213,1
15215,1
15216,1
15217,1
15219,1
15220,1
15223,1
15226,1
15230,1
15234,1
15239,1
15247,1
15252,1
15253,1
15255,1
15262,1
15268,1
15270,1
15277,1
15278,1
15281,1
15284,1
15285,1
15288,1
15291,1
15293,1
15296,1
15297,1
15298,1
15300,1
15314,1
15321,1
15323,1
15324,1
15327,1
15328,1
15344,1
15349,1
15353,1
15355,1
15360,1
15365,1
15366,1
15368,1
15371,1
15382,1
15384,1
15385,1
15391,1
15402,1
15406,1
15409,1
15410,1
15431,1
15435,1
15436,1
15441,1
15444,1
15445,1
15446,1
15454,1
15459,1
15460,1
15466,1
15470,1
15471,1
15475,1
15477,1
15485,1
15489,1
15490,1
15496,1
15505,1
15510,1
15514,1
15527,1
15531,1
15535,1
15537,1
15541,1
15545,1
15546,1
15552,1
15562,1
15567,1
15572,1
15577,1
15580,1
15584,1
15588,1
15592,1
15595,1
15598,1
15602,1
15606,1
15617,1
15627,1
15628,1
15629,1
15645,1
15646,1
15648,1
15649,1
15650,1
15652,1
15655,1
15658,1
15663,1
15666,1
15675,1
15680,1
15681,1
15683,1
15688,1
15691,1
15704,1
15714,1
15720,1
15728,1
15729,1
15733,1
15745,1
15754,1
15756,1
15763,1
15779,1
15785,1
15786,1
15789,1
15791,1
15794,1
15800,1
15805,1
15806,1
15813,1
15822,1
15826,1
15827,1
15829,1
15831,1
15833,1
15835,1
15838,1
15840,1
15846,1
15851,1
15853,1
15854,1
15858,1
15859,1
15865,1
15879,1
15881,1
15884,1
15887,1
15891,1
15893,1
15903,1
15905,1
15907,1
15921,1
15932,1
15935,1
15936,1
15942,1
15945,1
15948,1
15949,1
15950,1
15954,1
15956,1
15965,1
15966,1
15968,1
15969,1
15971,1
15973,1
15975,1
15983,1
15986,1
15998,1
16000,1
16003,1
16010,1
16011,1
16016,1
16023,1
16025,1
16026,1
16028,1
16030,1
16038,1
16042,1
16043,1
16057,1
16059,1
16063,1
16065,1
16074,1
16077,1
16081,1
16085,1
16086,1
16095,1
16099,1
16102,1
16106,1
16110,1
16118,1
16136,1
16138,1
16144,1
16146,1
16147,1
16148,1
16153,1
16155,1
16156,1
16158,1
16166,1
16167,1
16178,1
16179,1
16180,1
16186,1
16188,1
16197,1
16204,1
16206,1
16217,1
16218,1
16220,1
16227,1
16231,1
16234,1
16236,1
16237,1
16242,1
16243,1
16248,1
16257,1
16262,1
16264,1
16265,1
16266,1
16270,1
16272,1
16273,1
16276,1
16277,1
16281,1
16291,1
16293,1
16295,1
16297,1
16298,1
16303,1
16309,1
16318,1
16327,1
16335,1
16340,1
16343,1
16346,1
16357,1
16358,1
16359,1
16364,1
16367,1
16375,1
16386,1
16395,1
16398,1
16401,1
16403,1
16409,1
16412,1
16413,1
16415,1
16422,1
16428,1
16430,1
16433,1
16446,1
16469,1
16476,1
16477,1
16491,1
16501,1
16510,1
16511,1
16512,1
16513,1
16516,1
16519,1
16522,1
16531,1
16539,1
16544,1
16547,1
16551,1
16562,1
16569,1
16578,1
16579,1
16581,1
16588,1
16589,1
16590,1
16597,1
16600,1
16608,1
16626,1
16627,1
16630,1
16633,1
16638,1
16640,1
16641,1
16648,1
16651,1
16657,1
16659,1
16660,1
16662,1
16666,1
16671,1
16672,1
16676,1
16677,1
16678,1
16682,1
16689,1
16692,1
16696,1
16702,1
16710,1
16714,1
16721,1
16727,1
16728,1
16732,1
16734,1
16735,1
16737,1
16739,1
16745,1
16746,1
16749,1
16750,1
16751,1
16757,1
16761,1
16762,1
16766,1
16772,1
16780,1
16782,1
16785,1
16788,1
16792,1
16795,1
16796,1
16801,1
16802,1
16807,1
16809,1
16823,1
16824,1
16829,1
16833,1
16837,1
16839,1
16844,1
16847,1
16854,1
16856,1
16858,1
16862,1
16864,1
16866,1
16877,1
16879,1
16882,1
16885,1
16888,1
16894,1
16897,1
16901,1
16902,1
16905,1
16910,1
16916,1
16920,1
16921,1
16923,1
16932,1
16936,1
16946,1
16948,1
16951,1
16957,1
16976,1
16980,1
16993,1
16996,1
16997,1
16999,1
17007,1
17013,1
17019,1
17032,1
17035,1
17036,1
17043,1
17046,1
17049,1
17051,1
17056,1
17063,1
17066,1
17083,1
17086,1
17087,1
17090,1
17093,1
17096,1
17097,1
17101,1
17104,1
17105,1
17110,1
17111,1
17115,1
17116,1
17122,1
17125,1
17128,1
17130,1
17131,1
17132,1
17143,1
17148,1
17153,1
17155,1
17156,1
17157,1
17159,1
17163,1
17167,1
17174,1
17175,1
17193,1
17195,1
17199,1
17200,1
17206,1
17218,1
17219,1
17221,1
17224,1
17230,1
17238,1
17247,1
17249,1
17254,1
17260,1
17264,1
17266,1
17271,1
17281,1
17283,1
17284,1
17289,1
17291,1
17293,1
17294,1
17296,1
17298,1
17302,1
17303,1
17305,1
17306,1
17310,1
17311,1
17312,1
17313,1
17314,1
17326,1
17327,1
17334,1
17336,1
17342,1
17347,1
17351,1
17353,1
17356,1
17358,1
17367,1
17370,1
17372,1
17375,1
17380,1
17381,1
17382,1
17383,1
17385,1
17388,1
17391,1
17400,1
17401,1
17402,1
17404,1
17405,1
17406,1
17417,1
17418,1
17421,1
17424,1
17434,1
17437,1
17439,1
17442,1
17444,1
17446,1
17449,1
17454,1
17455,1
17456,1
17458,1
17461,1
17467,1
17468,1
17469,1
17472,1
17476,1
17482,1
17484,1
17485,1
17490,1
17495,1
17500,1
17504,1
17508,1
17510,1
17513,1
17515,1
17516,1
17519,1
17531,1
17537,1
17538,1
17541,1
17544,1
17545,1
17547,1
17549,1
17555,1
17557,1
17559,1
17560,1
17561,1
17566,1
17569,1
17570,1
17579,1
17581,1
17586,1
17587,1
17590,1
17592,1
17595,1
17597,1
17602,1
17606,1
17612,1
17614,1
17615,1
17616,1
17621,1
17623,1
17625,1
17626,1
17629,1
17631,1
17639,1
17649,1
17654,1
17666,1
17676,1
17677,1
17683,1
17685,1
17687,1
17697,1
17701,1
17703,1
17707,1
17710,1
17712,1
17723,1
17727,1
17730,1
17735,1
17738,1
17744,1
17746,1
17747,1
17753,1
17754,1
17755,1
17760,1
17764,1
17770,1
17772,1
17773,1
17778,1
17784,1
17786,1
17788,1
17791,1
17801,1
17802,1
17812,1
17814,1
17818,1
17819,1
17822,1
17828,1
17831,1
17833,1
17839,1
17842,1
17846,1
17855,1
17856,1
17859,1
17860,1
17873,1
17874,1
17875,1
17884,1
17893,1
17895,1
17900,1
17905,1
17906,1
17909,1
17916,1
17920,1
17925,1
17926,1
17931,1
17933,1
17934,1
17937,1
17939,1
17943,1
17944,1
17945,1
17948,1
17949,1
17950,1
17951,1
17954,1
17955,1
17956,1
17957,1
17958,1
17960,1
17961,1
17970,1
17979,1
17981,1
17984,1
17986,1
17987,1
17990,1
17991,1
17994,1
18002,1
18005,1
18010,1
18013,1
18020,1
18023,1
18031,1
18034,1
18037,1
18039,1
18041,1
18045,1
18048,1
18050,1
18058,1
18060,1
18063,1
18064,1
18071,1
18072,1
18073,1
18074,1
18095,1
18099,1
18101,1
18113,1
18117,1
18125,1
18129,1
18143,1
18152,1
18153,1
18157,1
18162,1
18164,1
18170,1
18174,1
18178,1
18181,1
18183,1
18190,1
18192,1
18202,1
18205,1
18208,1
18209,1
18212,1
18220,1
18224,1
18225,1
18227,1
18234,1
18245,1
18248,1
18253,1
18254,1
18274,1
18283,1
18287,1
18300,1
18315,1
18316,1
18323,1
18328,1
18330,1
18333,1
18335,1
18337,1
18339,1
18343,1
18344,1
18345,1
18346,1
18347,1
18348,1
18354,1
18361,1
18369,1
18372,1
18380,1
18381,1
18384,1
18385,1
18390,1
18393,1
18394,1
18404,1
18414,1
18422,1
18423,1
18424,1
18425,1
18434,1
18439,1
18440,1
18443,1
18444,1
18452,1
18461,1
18462,1
18463,1
18474,1
18479,1
18483,1
18488,1
18489,1
18490,1
18491,1
18495,1
18497,1
18504,1
18511,1
18514,1
18515,1
18517,1
18522,1
18525,1
18529,1
18531,1
18533,1
18536,1
18537,1
18538,1
18540,1
18547,1
18548,1
18552,1
18553,1
18557,1
18558,0
18560,1
18564,1
18568,1
18576,1
18578,1
18579,1
18580,1
18596,1
18598,1
18603,1
18605,1
18606,1
18607,1
18609,1
18620,1
18623,1
18624,1
18640,1
18652,1
18653,1
18656,1
18657,1
18675,1
18677,1
18682,1
18685,1
18686,1
18690,1
18695,1
18698,1
18703,1
18704,1
18707,1
18710,1
18714,1
18715,1
18728,1
18732,1
18737,1
18741,1
18743,1
18745,1
18751,1
18754,1
18758,1
18764,1
18765,1
18768,1
18779,1
18780,1
18781,1
18785,1
18789,1
18792,1
18793,1
18794,1
18807,1
18814,1
18822,1
18823,1
18826,1
18827,1
18828,1
18831,1
18832,1
18833,1
18836,1
18841,1
18848,1
18849,1
18850,1
18853,1
18854,1
18858,1
18859,1
18860,1
18863,1
18867,1
18871,1
18874,1
18878,1
18887,1
18896,1
18899,1
18901,1
18906,1
18908,1
18910,1
18912,1
18913,1
18920,1
18923,1
18924,1
18926,1
18930,1
18934,1
18938,1
18939,1
18945,1
18947,1
18948,1
18949,1
18951,1
18952,1
18954,1
18969,1
18977,1
18979,1
18980,1
18981,1
18984,1
18988,1
18989,1
18991,1
19007,1
19008,1
19009,1
19016,1
19023,1
19029,1
19030,1
19032,1
19033,1
19041,1
19042,1
19043,1
19045,1
19049,1
19052,1
19055,1
19061,1
19066,1
19067,1
19077,1
19078,1
19081,1
19083,1
19084,1
19087,1
19090,1
19094,1
19101,1
19104,1
19112,1
19118,1
19127,1
19130,1
19131,1
19132,1
19135,1
19136,1
19137,1
19138,1
19144,1
19145,1
19157,1
19166,1
19174,1
19177,1
19180,1
19188,1
19197,1
19202,1
19208,1
19210,1
19212,1
19213,1
19217,1
19220,1
19227,1
19240,1
19241,1
19243,1
19247,1
19248,1
19249,1
19250,1
19251,1
19253,1
19259,1
19264,1
19268,1
19270,1
19274,1
19278,1
19279,1
19280,1
19284,1
19286,1
19289,1
19290,1
19293,1
19294,1
19296,1
19298,1
19302,1
19303,1
19304,1
19307,1
19311,1
19312,1
19318,1
19329,1
19333,1
19337,1
19341,1
19343,1
19344,1
19345,1
19346,1
19347,1
19352,1
19357,1
19361,1
19364,1
19376,1
19387,1
19388,1
19393,1
19396,1
19398,1
19404,1
19415,1
19416,1
19417,1
19420,1
19421,1
19422,1
19424,1
19428,1
19437,1
19440,1
19443,1
19453,1
19461,1
19464,1
19470,1
19481,1
19483,1
19484,1
19487,1
19495,1
19498,1
19499,1
19501,1
19505,1
19506,1
19508,1
19510,1
19513,1
19516,1
19523,1
19524,1
19531,1
19533,1
19537,1
19541,1
19542,1
19543,1
19545,1
19549,1
19550,1
19553,1
19554,1
19555,1
19558,1
19559,1
19564,1
19575,1
19579,1
19583,1
19584,1
19586,1
19587,1
19588,1
19591,1
19599,1
19602,1
19610,1
19613,1
19616,1
19622,1
19623,1
19629,1
19630,1
19635,1
19637,1
19642,1
19644,1
19645,1
19646,1
19647,1
19651,1
19654,1
19663,1
19665,1
19667,1
19670,1
19683,1
19685,1
19690,1
19694,1
19696,1
19703,1
19705,1
19708,1
19717,1
19727,1
19728,1
19740,1
19742,1
19744,1
19745,1
19747,1
19748,1
19750,1
19753,1
19754,1
19757,1
19764,1
19767,1
19769,1
19779,1
19781,1
19782,1
19783,1
19787,1
19788,1
19792,1
19801,1
19803,1
19805,1
19812,1
19820,1
19821,1
19830,1
19831,1
19832,1
19837,1
19839,1
19843,1
19855,1
19857,1
19858,1
19866,1
19871,1
19876,1
19884,1
19890,1
19899,1
19901,1
19902,1
19905,1
19908,1
19910,1
19911,1
19912,1
19916,1
19925,1
19932,1
19934,1
19936,1
19938,1
19942,1
19944,1
19945,1
19947,1
19950,1
19953,1
19957,1
19959,1
19965,1
19966,1
19970,1
19972,1
19976,1
19978,1
19980,1
19984,1
19985,1
19990,1
19991,1
19995,1
19996,1
